"post","author","comment","upvotes"
"Jesus falling down the stairs","","",""
"duolingo bird dressed up as dua lipa","","",""
"George Soros & Ridley Scott doing mukbang video","","",""
"The pope smoking weed","","",""
"Michael Myers drinking a cup of tea","","",""
"Poster for rom com starring Jar Jar Binks and Drew Barrymore","","",""
"Darth Vader as a chef cooking dinner","","",""
"Harambe tear gassed at Yellow jacket protest.","","",""
"Charlie Brown and Snoopy playing beer pong","","",""
"Lego 9/11 set","","",""
"Minions selfie at Auschwitz","","",""
"Among us centaur","","",""
"Guts from Berserk as a guest on Ellen","","",""
"mario64 1995/07/29","","",""
"The sopranos finale we deserved","","",""
"""Trump In A Jar""","","",""
"Razer Urinal","","",""
"chairman mao and the pope skiing","","",""
"Donald Trump in Minecraft","","",""
"Mark Zombieberg","","",""
"tintin animatronic","","",""
"Owl Apple","","",""
"Peter Griffin at the United Nations","","",""
"Walter White as a woman","","",""
"surfing on fire","","",""
"Asuka from Evangelion shoplifting from Walmart","","",""
"on your marks RRRROOOUUUGGRRRGHHG bake!","","",""
"Hagrid as a guest on the Wendy Williams Show","","",""
"virgin maria in a rave","","",""
"Elvis Presley's head in a jar","","",""
"john barrowman sitting on the loo","","",""
"WikiHow How to go on a date with Ronald McDonald","","",""
"Wall-E at Home Depot","","",""
"hp lovecraft disney","","",""
"giant tortoise cocaine drug dealer","","",""
"Surgery on a Pineapple","","",""
"Spanish Inquisition in anime","","",""
"Greta Thunberg in Final Fantasy 7 Remake","","",""
"Ronald McDonald in Zimbabwe","","",""
"Walter White as Mr. Incredible","","",""
"Lego Nuremberg Trials","","",""
"Firefighters shooting flamethrowers","","",""
"Dall‚Ä¢E Mini generating an image","","",""
"gordon ramsey shouting at child for putting a potato in a urinal","","",""
"Donald Trump meat statue","","",""
"Big Bird is now a mascot","","",""
"screaming washing machines","","",""
"Batman giving Joker Movie thumbs down.","","",""
"Giant Annoying Orange attacks New York City","","",""
"Dagon in a Jar","","",""
"Blobfish Ice Cream","","",""
"Thing from Fantastic Four made of fried chicken","","",""
"Elmo at the Gym","","",""
"Snoop Dogg in Breaking Bad","","",""
"Jesus smoking meth","","",""
"Dora the Explorer ""El Burbujeante Grande"" bong","","",""
"Person made of fried shrimp powerlifting","","",""
"How it feels every time I run another pointless Dall-E.","","",""
"Bratz Doll Donald Trump","","",""
"Flamin' Hot Cheetos vape","","",""
"Courtroom sketch of Mr. T suing the Kool-aid man","","",""
"Hamsters like to party","","",""
"Donald Trump birthday at McDonald's","","",""
"yoda firing a bazooka","","",""
"pewds statue at IKEA","","",""
"Bigfoot twerking in a Waffle House","","",""
"jesus christ with lasers in heaven","","",""
"princess peach kissing triss","","",""
"Shrek visiting the Christ Redeemer","","",""
"Ronald McDonald Colossal Titan","","",""
"Sgt. Batman's Lonely Dark Knights Band","","",""
"Girl from The Ring goes on American Idol","","",""
"i like it","","",""
"Dora as Jesus","","",""
"slavoj zizek kissing shrek","","",""
"Mothman in concert","","",""
"Scary potato stalking me","","",""
"The smell of trepidation","","",""
"Doomed freak","","",""
"Donald Trump dressed as Shrek for Halloween","","",""
"Crucifixion LEGO set","","",""
"armed clowns robbing a bank","","",""
"Argentinian obelisco become rocket","","",""
"Jesus Christ driving a Tank","","",""
"Coffin filled with popcorn","","",""
"snoop Dogg as a Fisher Price toy","","",""
"no surprise","","",""
"Superman at a drag show","","",""
"A humanoid dreaming about sheep","","",""
"He-Man throwing the moon in the bin.","","",""
"Jotaro as a picasso painting","","",""
"trail camera footage of michelin man","","",""
"Dovah, Dungeons, and Dives","","",""
"Realism painting of Half Necromorph from Dead Space, Half nemesis from Resident Evil, standing menacingly in the style of Caravaggio","","",""
"Bob Chapek Happy Meal Toy","","",""
"Kingdom Hearts Nativity Scene","","",""
"eegs with legs running the boston marathon","","",""
"Micheal Cera in Skyrim","","",""
"for all my f1 bros","","",""
"Bigfoot as Terminator","","",""
"Waifu Cthulhu","","",""
"Challenger explosion pi√±ata","","",""
"caveman doing tiktok dance","","",""
"Dalle 2 ""Aliens and robots steampunk"" designs by Xxco","","",""
"Hard Boiled egg wearing a detective hat investigating a crime scene","","",""
"Jesus eating bacon","","",""
"Hamster Soup","","",""
"Gigachad by H R Giger","","",""
"Hittler kissing bolsonaro","","",""
"borat shaking hands with osama bin laden","","",""
"Cows standing on the Windows XP background","","",""
"Pillsbury doughboy doing a kickflip","","",""
"Elmo on fire CCTV footage","","",""
"Gandalf gigachad","","",""
"Among Us Snow Globe","","",""
"Bomberman as the Unabomber","","",""
"Mickey Mouse by H R Giger","","",""
"Walter White by H R Giger","","",""
"‚ÄúTeletubby invent the atom bomb‚Äù","","",""
"some of them would actually fit as a Discord PP","","",""
"Genuinely impressed with how this came out","","",""
"Disturbing Thanos portrait by Junji Ito üíÄ","","",""
"Giant face stranding on beach","","",""
"gigachad woman","","",""
"Kevin McCallister from Home Alone by Edvard Munch","","",""
"Giant Eyeballs fighting in WW2","","",""
"soviet army pride parade","","",""
"Walter White emoji","","",""
"Guy Fieri in an elevator","","",""
"Grigori Rasputin big eyes painting by Margaret Keane","","",""
"danny devito eating out of the fridge at 4am","","",""
"John Wick at the Disney World parade","","",""
"Chuck E. Cheese ln A GTA V Loading Screen","","",""
"the last supper in Space","","",""
"Gigachad drawn by Ralph Steadman","","",""
"Hehehe! I'm going to unleash my wrath upon you!","","",""
"Rob Kardashian Ayahuasca ceremony","","",""
"Jesus have minigun","","",""
"thanos at pride","","",""
"Hagia Sophia become rocket","","",""
"Trump as Anime Villain","","",""
"man wearing a urinal halloween costume","","",""
"Siren head visiting holocaust memorial museum","","",""
"Sean Bean as Mr Bean","","",""
"Jesus as a World of Warcraft character","","",""
"Cookie Monster in the battle of Verdun","","",""
"Mother Theresa rises from the dead","","",""
"Toyota Tercel feeding starving kids in Africa","","",""
"Ronald Reagan the villian","","",""
"Saul Goodman holding a Barrett 50 cal","","",""
"Nintendo labo pistol","","",""
"Hitler eats a very sour lemon","","",""
"George Washington at Comic Con","","",""
"Shrek moshing at a Slipknot concert","","",""
"Harambe drunk in a strip-club","","",""
"Fisheye lens Pope poses for a Rap album cover","","",""
"Me....","","",""
"Satan in Disney Land","","",""
"the galaxy in a cup","","",""
"The best wedding musician","","",""
"An ancient Egyptian tapestry featuring a leprechaun with a pot of gold","","",""
"80s newscasters reporting from the bridge of the starship Enterprise","","",""
"Donkey being bit by a radioactive spider then transforming to a superhero","","",""
"Jesus at a bowling alley","","",""
"Meat Loaf eating Meatloaf","","",""
"Eldritch abomination having a picnic","","",""
"Cybertruck in the battle of Berlin 1945","","",""
"Thanos plays billiards","","",""
"Squall Leonhart eating a sandwich","","",""
"Walter White at Legoland","","",""
"Japanese game show where contestants have to solve the trolley problem","","",""
"Cheese in the shape of a dog","","",""
"The future of humanity","","",""
"Unity, Duty, Lasagna","","",""
"Darth Vader having a big black c**k (SFW)","","",""
"old people having a super smash bros tournament","","",""
"Trump in style of Andy Warhol print","","",""
"Freddy Fazbear beanie baby","","",""
"Nazis invading Mordor","","",""
"Octopus Aliens coming out from a black hole","","",""
"adam sandler in the backrooms","","",""
"Special delivery!","","",""
"Weird Al as an anime character","","",""
"Putin Cooking Show","","",""
"Pikachu vists The Shire","","",""
"Keith Richards drinking non alcoholic beer on the beach","","",""
"Teletubbies operating artillery in the Battle of Stalingrad","","",""
"Jesus dabbing on the haters","","",""
"Lego Big Mac","","",""
"Mad Max being pursued on Rainbow Road","","",""
"Alien as a guest at the ""Joe Rogan Expierience""","","",""
"Karl Marx riding a capybara on a volcano","","",""
"birkenstock rollerskates","","",""
"1950s cookbook recipe for a eyeball terrine","","",""
"Indiana Jones in a Picasso painting","","",""
"military clown","","",""
"Smokey the Bear starting a forest fire","","",""
"Happy Pride!","","",""
"Minions during World War II","","",""
"Gimli riding a capybara through Rohan","","",""
"Donald Trump building a wall in Farming Simulator","","",""
"Your new King of The Cosmos","","",""
"Heisenberg on Cocomelon","","",""
"human rotten carcass soft toy","","",""
"Sauron using the One Ring as a hula hoop","","",""
"Jeremy Piven bathing in spaghetti","","",""
"Shrek and Elsa wedding","","",""
"Burning Man painted by Edward Hopper","","",""
"Spaghetti Type Pokemon","","",""
"Star Trek but only cats","","",""
"Earth 3D model floating above a pool","","",""
"Capybara at a powerlifting meet","","",""
"dragonball z episode featuring larry david","","",""
"Kanye West with Master Chief from Halo","","",""
"A glass of water uses American Sign Language to communicate with a moth","","",""
"Jabba the Hut eating ramen noodles","","",""
"Shrek wearing fake Adidas","","",""
"A marmot rides a rocket-powered bicycle","","",""
"Dua Lipa as a Jedi","","",""
"Statler and Waldorf drinking tea","","",""
"Fisher Price meth lab","","",""
"The Michelin man joins a terrorist group","","",""
"Fear.","","",""
"Chewbacca eating frozen yogurt","","",""
"I started a cult","","",""
"Mike Tyson fighting a silverback gorilla","","",""
"Joe Biden attacked by an ostrich","","",""
"Pope drunk in Wetherspoons","","",""
"Duolingo Owl Infrared Cam","","",""
"September 21, 2713","","",""
"Tony the Tiger having tea with the queen at Buckingham Palace","","",""
"Smart car painting by Van Gogh","","",""
"Jack Skellington as the Easter bunny at the mall","","",""
"Taliban Disney Channel SitCom","","",""
"It‚Äôs comrade Britney, bitch","","",""
"Some are happier than others","","",""
"Donald Trump Robot Blueprints","","",""
"A goat performing stand-up comedy","","",""
"Iron Giant dancing flamenco eating a croissant","","",""
"Tom cruise goes to target","","",""
"Hacking the process","","",""
"Los Angeles PD flying saucer chases a suspect bodycam footage","","",""
"a rubber duck sitting all alone in a liminal space","","",""
"John Cena in a maid outfit","","",""
"Bob the Builder debating at Prime Minster's Questions","","",""
"Door to another shitty universe","","",""
"an Angry Bird printed on a dollar note (the bottom right one is just....)","","",""
"spongebob and mike wazowski at a college party","","",""
"""Alyx, we have to cook""","","",""
"The force is strong here..","","",""
"Ronald McDonald dabbing in front of a nuclear explosion","","",""
"Darth Vader Officiates a Wedding","","",""
"trail cam footage keanu reeves in the backrooms","","",""
"Tesla Cyber Coffin","","",""
"mike tyson kissing the rock","","",""
"Elmo Smoking a Bong in a Classroom","","",""
"Silent Hill Nurse Pin-up poster","","",""
"BANANA","","",""
"The skeleton dance in a nightclub","","",""
"Morbius Roller Disco","","",""
"Elmo on Segway","","",""
"Jesus dabbing on stage at an EDM concert","","",""
"show me what you gooooot","","",""
"hitler in fortnite","","",""
"Yummy","","",""
"DJ Voldemort","","",""
"Nazgul in Tron","","",""
"Bayeux tapestry featuring sonic","","",""
"Animal Crossing Auschwitz","","",""
"Hitler hugging a Jew kid","","",""
"Slenderman on Strictly","","",""
"Freddy is gigachad","","",""
"Werewolf in an outhouse","","",""
"Catgirl trail cam footage","","",""
"Kim Jong-Un animated body pillow","","",""
"Nosferatu big eyes painting by Margaret Keane","","",""
"Sonic at an Islamic Holy Site","","",""
"Taliban Muppets","","",""
"A sea of tits","","",""
"CCTV footage of Mr Monopoly robbing a bank","","",""
"""Your daily ration of gulag bread has been delivered""","","",""
"was hungry for sandwiches","","",""
"Helen Keller DJing a party","","",""
"Beaker robbing a convenience store","","",""
"Youtuber unboxing a dildo","","",""
"Grey great dane with a yellow chick on its back flying in the sky over the moon.","","",""
"rocky balboa boxing with octopus","","",""
"Darth Vader Skiing","","",""
"Creepy dolls","","",""
"Orpah crying and looking at a photo of cheese","","",""
"Trixie Mattel holding a Capybara","","",""
"Darth Vader sitting on the toilet reading a newspaper","","",""
"Full body portrait of Big Chungus by Zdzis≈Çaw Beksi≈Ñski üíÄ","","",""
"one small step","","",""
"Hitler Wearing a Kigurumi","","",""
"gigachad as a too fat man eating pizza","","",""
"The Beatles become Sith Lords","","",""
"Homelander storming the capitol","","",""
"lightning mcqueen crashes into twin towers","","",""
"Lego 9/11","","",""
"Annual Republican Party of Texas Gay Parade","","",""
"Robbie Rotten in Star Wars: The Clone Wars (2008)","","",""
"John Cena works at Arby‚Äôs","","",""
"Facehugger on a grill","","",""
"Wolverine crying because he‚Äôs short","","",""
"Ghost in a Jar movie trailer","","",""
"King Kong ping pong","","",""
"Adolf Hitler on Hell's Kitchen","","",""
"a pentagram made out of twizzlers","","",""
"Tardigrade Beanie Baby","","",""
"Godzilla having breakfast","","",""
"finger","","",""
"Scottie Vader","","",""
"Marvel","","",""
"Jon Arbuckle as a Dark Souls boss","","",""
"cmon let's jam!","","",""
"Seven dwarves synchronised swimming","","",""
"Johnny Depp eating a Hamburger","","",""
"Baby's first MRI machine","","",""
"Gigachad sits an exam","","",""
"That's right, you are! (Two images)","","",""
"seven","","",""
"Knight fighting cat with spoon","","",""
"Get in the robot, Kermit.","","",""
"Dante and Vergil going Bowling","","",""
"Baby Base Jump","","",""
"R2D2 as an ATM","","",""
"gollum attends reading festival","","",""
"Steve from blues clues on ring camera footage","","",""
"Skeleton riding a skateboard","","",""
"Pope in Smash Bros","","",""
"Gorilla rock concert","","",""
"wikiHow ego death","","",""
"Crab Rave yu gi oh","","",""
"Stranger things painting by Bosch","","",""
"hovah and hillary new drop is fire","","",""
"Sausage knight","","",""
"Youtuber doing a funeral unboxing","Glass-Estimate4022","Where's the body?","6"
"Youtuber doing a funeral unboxing","johmbery","Grandpas loot drop","12"
"Among Us crewmate in The Great Barrier Reef","","",""
"Guy Fieri doing a titration","","",""
"Kermit as Shao Kahn in Mortal Kombat","","",""
"Omni-Man vs Godzilla","","",""
"Pikachu and Shrek at Presidential Debate","","",""
"overweight dark knight joker taking a mirror selfie","","",""
"Muppet Black Metal","","",""
"xenomorph doing a YouTube cooking tutorial","","",""
"Sans with rainbow dragon wings (this actually ended up pretty cool)","","",""
"a man picking a face from a wall of faces","","",""
"ps5 on a grill","","",""
"kermit at the nuremberg trials testifying for his crimes against humanity","","",""
"The Spider Chair Album CD Cover","","",""
"Donald Trump in Mario Kart 8","dangerbird2","Bottom left and center right remind me of [these two fellas](https://i.kym-cdn.com/entries/icons/original/000/035/627/cover2.jpg)","6"
"Donald Trump in Mario Kart 8","GubbleBumYum","That photo was taken when he was blue shelled out of the White House.","15"
"Donald Trump in Mario Kart 8","theconk","Thanks I hate it","7"
"Donald Trump in Mario Kart 8","Outside_Parsley_5129","I wish I could have as much fun as he looks like he's having in the bottom left","28"
"Donald Trump in Mario Kart 8","ComanderLucky","Middle right looks like he is getting blue-shelled","21"
"Darth Maul with umbrellas","","",""
"Stained glass Taylor Swift queen","","",""
"Osama Club Penguin","","",""
"Huge Oscar Statuette in Antarctic","","",""
"Man Eaten by Ants","","",""
"Tom Cruise mukbang","","",""
"White haired man screaming into the abyss","","",""
"Winnie the Pooh wins Miss America","","",""
"Jerma985 Ordering a Happy Meal","","",""
"Synchronised swimming in lava","","",""
"Our pasta lord","","",""
"Danzig Beanie Baby","","",""
"among us back tattoo","","",""
"The Ultimate Lifeform","","",""
"Depressed Darth Vader emo band","","",""
"Emmanuel Macron wearing visibility vest","","",""
"Danny Devito wearing the infinity gauntlet","","",""
"Mark Zuckerberg doing his laundry","","",""
"Nazg√ªl Instagram brunch picture","","",""
"Albert Einstein Performing Burlesque","","",""
"Putin at the pride","","",""
"Wolverine and Edward Scissorhands tag team","","",""
"Oussama Ben Laden at Disneyland","","",""
"Cyberpunk Monalisa","","",""
"such a nice guy","","",""
"Pepe Pyramid","","",""
"Now I can show proof to my teacher","","",""
"Olympic swimming pool baptism","","",""
"Lisa Frank Cthulhu","","",""
"Oh, the irony","","",""
"Burger King launches an orbital strike","","",""
"Mickey Mouse Trail Cam","","",""
"DJT devours Filet-o-Fish painting by Francisco Goya","","",""
"Photo from Boris Johnson's secret Christmas party","","",""
"Insane Clown Tentacion","","",""
"My man Jesus Christ join Space Jam 3 with Kobe Bryant","","",""
"Deadass a South Park villain","","",""
"Scorpion vs. Pee Wee Herman","","",""
"Slav Squat Rupert Murdoch","","",""
"Jabba the Hut in a bumper car","","",""
"Zurg Dinosaurs","","",""
"SIA crying in a shower","","",""
"Dragon wears a suit and gets an office job","","",""
"A burrito on the beach playing maracas","","",""
"The Bogdanoff PEZ is here","","",""
"The Ghostbusters trapping Jesus","","",""
"Duolingo destroying historical landmarks","","",""
"Jesus Christ doing a kickflip","","",""
"Yoshi at D-Day","","",""
"save or loud","","",""
"Skeleton impatiently waiting at a bus stop","","",""
"Funeral at Hooters","supahdave","I wouldn‚Äôt be surprised if this was done for a regular customer","7"
"Capybara fighter pilot","","",""
"Hamburglar in the Bayeux Tapestry","","",""
"Rambo sitting on toilet playing with iphone","","",""
"Rambo fighting Stephen Hawking on top of mountain","","",""
"My first three tries - all very cursed","","",""
"wallace and gromit have cancer and are dying","","",""
"Nightmare fuel","","",""
"An avocado toast in a painting by Keith Haring","","",""
"walter white, optimus prime, kanye west, and wallace and gromit competing in squid game","","",""
"The Scary Jar movie trailer","","",""
"Darth Vader as a Crip","","",""
"Pingu in the Bayeux Tapestry","","",""
"Jesus on Too Hot to Handle","","",""
"Adolf Hitler riding a flying carpet","","",""
"Kirby and Walter White Fishing","","",""
"Living that gaming life","","",""
"Freddy Krueger singing with Big Bird in Sesame Street","","",""
"Nazi Zombies on Nacht der Untoten","","",""
"the von Trapp family on American Ninja Warrior","","",""
"police sketch of gigachad","","",""
"Pale Man Pan's Labyrinth jumping on trampoline in garden","","",""
"Giant Eyeball on holiday in Hawaii","","",""
"Barney the Dinosaur slowly decaying in Chernobyl","","",""
"death metal wedding cake","","",""
"grey alien selling bitcoin","","",""
"Courtroom sketch of an acoustic guitar on trial for murdering an electric guitar","","",""
"get me to twitter bros","","",""
"Donald trump sprinting","","",""
"Pikachu burning up on re-entry to Earth's atmosphere","","",""
"small children playing at dangerous building site","","",""
"Zack Snyder Mickey Mouse","","",""
"full body of red slime girl strolling happily in nature","","",""
"Joe Biden riding a bicycle on outer space","","",""
"Darth Vader air fryer helmet","","",""
"demonic possession holiday photos","","",""
"Joe Biden riding a bicycle on Mars","","",""
"Scrabble pieces in a blender","","",""
"skeleton robbing a store","","",""
"poor alex","","",""
"Muppet Exorcist","","",""
"Mr Bean's terrible secret","","",""
"Monkey and Boris Johnson dueling with lightsabers","","",""
"A horse playing football with Peter Griffin","","",""
"Jesus driving a tesla","","",""
"Toddlers occult ritual","","",""
"Jack Black arguing with a snake in the car","","",""
"Steve Irwin with Angel wings","","",""
"A horse in a suit attending cooking class","","",""
"Jesus Crip Walking","","",""
"Hitler guest stars in an episode of Friends","","",""
"cartoon Tony Soprano playing wiffleball","","",""
"Thanos in the barbershop having a haircut","","",""
"Giant Eyeballs watching the Tour de France","","",""
"Mighty Morphin Flower Arrangers","","",""
"Kawaii nuclear power plant","","",""
"Play-Doh AK-47","","",""
"Dallas Cowboys Cheerleaders painted by Degas","","",""
"Bratz dolls CCTV footage zombie apocalypse","","",""
"The Holy Inquisition","","",""
"Skrillex making bread on the moon","","",""
"a funny person being scary in the bathroom","","",""
"Frank Sidebottom's head is on a hot air balloon.","","",""
"Darth Vader giving a man a haircut","","",""
"Dance on the door.","","",""
"margaret thatcher build a bear","","",""
"Frank Sidebottom fisheye lens vaporwave","","",""
"Dall-e Mini turning into Craiyon","","",""
"Ainsley Harriett as the Teletubbies Sun","","",""
"wikiHow, how to burn a church,","","",""
"Protest in Where's Waldo","","",""
"Demogorgon got some hot guitar licks.","","",""
"LEGO Danny DeVito","","",""
"Creeper exploding on a protest","","",""
"Religious horror orgy","","",""
"five nights at freddys lego set","","",""
"Faces of meth big bird from Sesame Street","","",""
"Frank Sidebottom security video","","",""
"mario deep stare in fisheye lens black and white and reversed colors","","",""
"Helen Keller rave DJ","","",""
"SS Rave party","","",""
"Funky 70s space capsule","","",""
"Thanos fighting alongside The Avengers.","","",""
"i don't have a title, because i am uncreative","","",""
"Demogorgon guest star on Friends.","","",""
"walter white at walmart","","",""
"Gandalf body pillow","","",""
"Paddington Bear drives an ice cream van over Boris Johnson","","",""
"Giant SpongeBob destroying Manhattan","","",""
"trump trying to eat a cake that's too big for his mouth","","",""
"Chewbacca playing cello in subway station for tips","","",""
"Trump fighting Batman","","",""
"Patrick Bateman Super Mario buddy cop movie","","",""
"Jesus walks on lava","","",""
"gandalf taking a standardized test","","",""
"jesus christ fish eye lens skate boarding.","","",""
"3D render, zombie clown, high quality lighting","","",""
"Fat demogorgon, this is smh scarier than the original.","","",""
"Kiwi bird eating kiwi fruit","","",""
"Astolfo as a guest star on Seinfeld","","",""
"Cookie Monster was not on his fucking time","","",""
"SpaceX launching weed blunt","","",""
"Elon Musk in wikihow style","","",""
"Jessica Rabbit 600 lb Life","","",""
"Mads Mikkelsen in Skyrim","","",""
"Tim White and Joe Biden on a tandem bike","","",""
"Amy Schumer Does Parkour","","",""
"Gumby Steals A Donut","","",""
"A man goes to the future, but arrives in the past","","",""
"Normani having dinner with Sonic the Hedgehog","","",""
"yoda as a urinal - deeply cursed","","",""
"Even AI has troubling imagining Mark Levin smiling","","",""
"Pizza Record Player","","",""
"Dance battle between Diogenes and Alexander the Great","","",""
"donkey kong chained up in a zoo","","",""
"Holocaust Lego Set","","",""
"Obama wearing the Miles Morales costume","","",""
"2 rats fighting for a cheese","","",""
"Joe Rogan at the Kame House in Dragon Ball","","",""
"John Cena And Johnny Sins Shaking Hands","","",""
"Rocket Raccoon on My 600 Pound Life","","",""
"A shrimp in Skyrim","","",""
"Icepick not included","","",""
"Littlest Pet Shop - Blobfish","","",""
"Elvis performing in a psych ward","","",""
"These gender reveal parties are becoming excessive","","",""
"Rudy Giuliani in clown makeup on trial","","",""
"January 6 gender reveal.","","",""
"Man fights his own shadow","","",""
"Gordon Ramsay in JoJo Manga","","",""
"So hot right now","","",""
"Mario in a McDonald's Playplace","","",""
"Google Street View of Tenochtitlan","","",""
"Ahahah fun","","",""
"Mario stuck in a traffic jam","","",""
"Jesus making pancakes for Shrek.","","",""
"Help me ü•≤","","",""
"Demogorgon dressed as sexy nurse","","",""
"Mark Zuckerberg and gollum having a picnic","","",""
"Jesus","","",""
"big chungus in bed with anime girl","","",""
"The Godfather with Muppets","","",""
"he's working","","",""
"I'm watching you Andy.","","",""
"Tornado draws Blood for the Blood God","","",""
"Anime Roger Stone","","",""
"hampter","","",""
"Batman wearing a nun outfit","","",""
"Maserati Quattroporte in Fallout 4","","",""
"It's cool, I didn't need to sleep tonight. ""polaroid photo of creepypasta smile dog dressed as ronald mcdonald""","","",""
"Courtroom sketch of the hanging of baby yoda.","","",""
"trail cam footage of sonic the hedgehog","","",""
"silent hill tilt shift isometric award winning","","",""
"Dog painted by Jackson Pollock","","",""
"annoying orange trailcam","","",""
"omori eating a subway tuna sandwich","","",""
"Don Bluth film about a cat that lives in king Tut's tomb","","",""
"Photorealistic caricature of Brian Blessed","","",""
"Ps1 Hagrid working at McDonald's","","",""
"death metal band with mickey mouse","","",""
"Jimmy Saville in a soft play area","","",""
"Sesame Street in American Psycho","","",""
"Mr krabs overdosed on ketamine","","",""
"king kong tilt shift","","",""
"Greta Thunberg statue at the bottom of the ocean","","",""
"fisheye mike wazowski bowling","","",""
"king kong fighting a trex tilt shift miniature Claymation studio lighting","","",""
"oh hell yeah dude","","",""
"Razer Gaming Set","","",""
"Polar bear in Mario kart","","",""
"Palpatine in tesco express","","",""
"Frozen Putin at Siberia","","",""
"spaceship made of wood","","",""
"top formula 1 driver eating popcorn","","",""
"Hagrid Inspector Gadget","","",""
"Stuart Little at the fall of the Berlin Wall","","",""
"Dang it, King Louie's gone and done it now","","",""
"Alligator giving a Ted talk","","",""
"Futuristic City of frog-like angels","","",""
"Selfie with a printer","","",""
"Borat fighting the Polish in world war two","","",""
"barack obama and osama playing video games in the cave","","",""
"are you alive?","","",""
"This will be the delivery drones in 2030","","",""
"Nosferatu and Pinhead at the pub","","",""
"Star Wars themed","","",""
"Dog and turtle solving a crossword puzzle","","",""
"Yeah...","","",""
"Fox Mulder eating (alien) Oatmeal.","","",""
"fat buu gets rko'd by randy orton","","",""
"Rick Grimes plays the tambourine.","","",""
"Jesus new car","","",""
"totoro in the blair witch project","","",""
"Hyperrealistic handsome Squidward","","",""
"Yngwie Malmsteen playing guitar at Walmart","","",""
"Jesse, Jessie where‚Äôs the iced coffee?","","",""
"Usain Bolt running on a hamster wheel","","",""
"Beans","","",""
"Welp... I'm never sleeping again","","",""
"Kirby in Bloodborne","","",""
"Kurt Cobain Pride Parade","","",""
"Happy pride month","","",""
"pushing the ai's limits","","",""
"The fight of the century","","",""
"Razer gaming bed","","",""
"Sesame Street Fighter","","",""
"Megaman at McDonald's","","",""
"The jenga tower of Sauron","","",""
"Pawn stars selling roombas","","",""
"G√©rard Depardieu at Oktoberfest","","",""
"A cat wearing a waistcoat sat on a throne","","",""
"Boris Johnson Mr Potato Head","","",""
"Margaret thatcher in jabba's palace","","",""
"""leatherface by pixar"" - The middle right was my favourite","","",""
"Fat leia playing cricket","","",""
"a bear marries a salmon","","",""
"Pickle Rick on MTV cribs","","",""
"""chibi thanos"" - He's such a little cutie!","","",""
"Voodoo doll of Boris Johnson","","",""
"Vikings colonizing Mars","","",""
"Fisher price my first... heroin syringe...","","",""
"Jerma Sus.","","",""
"ancient sumerian Shrek","","",""
"master chief in love","","",""
"Classic Disney movie about a cat that lives in King tuts tomb","","",""
"Gargamel receives Nobel peace prize","","",""
"Pixar movie about a cat that lives in King Tut‚Äôs tomb","","",""
"chucky working at a call center","","",""
"1989 Tiananmen Square protests the anime","","",""
"Putin alone eating a Big Mac","","",""
"Jesus attending gay pride","","",""
"saul good man pringles","","",""
"Gigachad playing chess","","",""
"Pug as the ruler of hell","","",""
"Spider-Man working from home","","",""
"Siren Head directing rush hour traffic","","",""
"Team Blobfish at Le Tour de France üá´üá∑","","",""
"Chinese painting of Xi Jinping meeting with Winnie the Pooh","","",""
"Sonic in a padded room","","",""
"Dwayne the rock Johnson raising two eyebrows","","",""
"Fozzie Bear at a Gay Pride rally","","",""
"Woodstock 1969 in a Studio Ghibli film","","",""
"Jesus riding a rollercoaster eating a taco.","","",""
"Rat businessmen","","",""
"flying straws going shopping","","",""
"Jimmy Fallon Interviewing Gumball Watterson","","",""
"The golden girls in call of duty","","",""
"Asuka Langley Soryu in front of Starry Night by Van Gogh","","",""
"Hitler holding LGBT flag","","",""
"Gordon Ramsay eating on trail cam footage","","",""
"Wall-e and Eve commit arson (made by me woohoo)","","",""
"Rave party in North Atlantic Council","","",""
"Elden Ring tomato monster","","",""
"tellytubby jumpscares nightmarefuel","","",""
"Obama anime body pillow","","",""
"Curious George Washington","","",""
"Symphogear in Coachella stage","","",""
"Captain america with emo bangs","","",""
"Twitter bird logo in reddit style","","",""
"tellytubby wearing Spiderman's costume","","",""
"tellytubby wearing Ironman's armor","","",""
"Winnie the pooh during operation desert storm","","",""
"spongebob playing fortnite","","",""
"sketch of tellytubby going to prison","","",""
"This will now be in my nightmares","","",""
"sketch of cat playing chess with stormtrooper","","",""
"Gaming iconostasis","","",""
"Look what we made her do‚Ä¶","","",""
"R2Du jan","","",""
"Kylo Ren as a drag queen","","",""
"Femboy vladimir putin wearing thigh highs","","",""
"Fisheye lens of gender reveal of Twin Towers","","",""
"Pooh Bear robbery","","",""
"Steve Irwin catches the noid","","",""
"Silent Hill but with Ferrets","","",""
"Squidward playing clarinet in Tomorrowland Belgium","","",""
"Where's Waldo in Tomorrowland Belgium","","",""
"Darth Vader Fifa","","",""
"Pug as a Pok√©mon","","",""
"Saudi prince holding rainbow flag","","",""
"Einstein cyborg","","",""
"Personally my favorite one yet","","",""
"Forklift Nascar","","",""
"Pope Francis smoking an apple bong","","",""
"Macho man Randy Savage in Lilo & Stitch","","",""
"John Cena becomes dr Michael Morbius","","",""
"Grecian urn with a picture of Godzilla","","",""
"R2D2 Jan axper Jan","","",""
"Dalle-mini as a human","","",""
"Gigachad Phil Collins","","",""
"Trail cam footage of jason","","",""
"clash royal Leak","","",""
"baloon made out of dark matter","","",""
"Edward Scissorhands riding a dragon","","",""
"Hindenburg crashing into twin towers 9/11","","",""
"a frog in the jail","","",""
"house with waterslide on the roof in a condominium","","",""
"Eminem eating mom‚Äôs spaghetti","","",""
"Satan in a Cereal Commercial","","",""
"A black silhouette of a human next to sonic next to a sushi stick flying in the ocean","","",""
"Jesus walking on water trail cam footage","","",""
"Ken from street fighter performs open heart surgery fisheye camera","","",""
"very sad rick astley letting me down digital art","","",""
"Mr Cthulhu","","",""
"Stephen Hawking sprinting hurdles","","",""
"my request","","",""
"My dad came up with this one","","",""
"walter white as a buddhist monk","","",""
"Paul Dano in the bathtub","","",""
"Woodstock alien invasion","","",""
"Patent drawing of the Indiana Jones boulder trap.","","",""
"Josef Fritzel goes to Disneyland","","",""
"Ivan Milat goes to Disneyland","","",""
"Gumby at the Oscars","","",""
"harambe in fortnite","","",""
"Saul Goodman wearing clown makeup and wearing a clown nose","","",""
"Star Trek by Diego Rivera","","",""
"Bill Murray wearing a loaf of bread","","",""
"A monolith made of cheese on the moon","","",""
"Bing Bong","","",""
"Charles Manson night light","","",""
"the one who asked","","",""
"Nothing","","",""
"a frog standing on Putin's head","","",""
"Tardis spotted in an Echography","","",""
"trisha paytas gta v","","",""
"Margaret Thatcher eating coal","","",""
"santa Claus giving an ak-47 to a child","","",""
"genji from overwatch in a wheelchair","","",""
"Sub Zero from Mortal Kombat eating a snowcone","","",""
"Tiny alien preserved in amber","","",""
"Jimmy Fallon interviewing Osama Bin Laden","","",""
"Walter White looking for his Mom at Walmart","","",""
"muppets being shot down by a military zeppelin","","",""
"Ku Klux Klan enjoying sauna","","",""
"Daft Punk hosting the last supper stained glass","","",""
"The Penguins of Madagascar at a strip club","","",""
"walter white on a mountain of skulls","","",""
"palpatine picasso","","",""
"SCP 047 working as a Car Salesman","","",""
"Dashcam footage of batman crashing a bike","","",""
"Khublai Khan Seinfeld // Wayne Barlow Chevy Van","","",""
"paparazzi photo of Slenderman going for a walk","","",""
"Grey ball from Proun+ trail cam","","",""
"Mark Rothko Fridge","","",""
"photographic evidence of afterlife on the internet #001","","",""
"Danny DeVito as a playable Cyberpunk2077 character","","",""
"Chaos in a jar","","",""
"An Ostrich at a crowded rave in Ibiza","","",""
"bigger on the inside","","",""
"Can't wait for Dall-e to double up the space","","",""
"Cockroach anime girl","","",""
"The Hulk on SNL","","",""
"Steve buscemi as a white walker","","",""
"Trump as a carnival dancer in Brazil","","",""
"Slipknot playing at a chuck e cheese","","",""
"Candyman In A GTA V Loading Screen","","",""
"calvin and hobbes book of alien abduction","","",""
"Gordon Ramsay riding a horse?","","",""
"trail cam of a gnome holding a basketball","","",""
"Babies Performing At Woodstock","","",""
"Kirby and Shrek Potara Earring Fusion","","",""
"rich woman buying Wonder bread","","",""
"Cheems dancing tango","","",""
"Danny devito as a character in street fighter 4","","",""
"Mona Lisa wearing the deadmau5 helmet","","",""
"Hitler as a Muppet","","",""
"Devil wearing a cardigan and smoking a pipe in a recliner","","",""
"Elon Musk posing with a muskrat at Met Gala","","",""
"Batman blowing his nose","","",""
"Vladimir Putin as Ronald McDonald","","",""
"Swimsuit model made of lava","","",""
"goofy's murder trial courtroom sketch","","",""
"Fish eye of a cockatiel skateboarding","","",""
"Batman yawning","","",""
"Kermit eating pizza at Chuck E. Cheese","","",""
"Pac Man eating a ghost with knife and fork","","",""
"mark Zuckerberg with the eyes of a chicken","","",""
"Godzilla wearing a Groucho Marx disguise","","",""
"Astronauts discover a nether portal","","",""
"Danny DeVito playing basketball","","",""
"Scuba divers discover Big Chungus at night","","",""
"Scooby Doo smoking weed","","",""
"Daft Punk in Walmart","","",""
"cats in space","","",""
"Would yall participate","","",""
"Kermit world naked bike ride","","",""
"Happy meal toys","","",""
"A Wedding At 7-Eleven","","",""
"Roomba Vomiting Into a Filthy Bathtub","","",""
"George Bush eats spaghetti","","",""
"David Attenborough dancing at a nightclub","","",""
"Cosplay muppets","","",""
"Wallace and Gromit scuba diving in Mariana‚Äôs trench","","",""
"emo Harry Styles","","",""
"Walter White caught on Ring doorbell camera at night","","",""
"basically whatever Avril Lavigne said","","",""
"graffiti in the style of Salvador Dal√≠","","",""
"piano in a nuclear reactor","","",""
"emoji prompt: üê∏üï∂üëóüßõ","","",""
"wii sports resort customer service","","",""
"Play-Doh Bernie and his Mittens","","",""
"Shrek if he was a character in Mario Kart","","",""
"Demogorgon head Georgia O'Keeffe painting","","",""
"Jurassic world morbius","","",""
"Ninja Turtle Sumo Wrestling","","",""
"Among us caught shoplifting in the cctv footage","","",""
"optimus prime skyrim","","",""
"The Room Won","","",""
"cowboy riding a giraffe","","",""
"Wall-E and Eve watching the crucifixion on a date in Beijing","","",""
"t-rex playing volleyball","","",""
"Monet painting of a swamp witch","","",""
"the Twilight franchise if it were an anime","","",""
"Goofy joins the marine corps","","",""
"Saul Goodman Sith Lord","","",""
"Cosplay Muppets","","",""
"David Bowie Medieval Portrait","","",""
"Dracula eating ice cream at the park","","",""
"Where's Waldo Dante's Inferno Edition Book","","",""
"Dinosaur Rodeo","","",""
"Mark Zuckerberg taking a blood bubble bath","","",""
"Bart Simpson as the Mockingjay in the Hunger Games","","",""
"Biden smoking a juul","","",""
"Beast Boy from teen titans performing in an orchestra","","",""
"elf on the shelf caught on a surveillance camera","","",""
"Spaghetti Picasso","","",""
"heavily tattooed babies","","",""
"The amish fast and furious racing","","",""
"Barney acid trip","","",""
"Jeff Bezos in the Blue Man Group","","",""
"Shakespeare playing a video game","","",""
"Stay-Puft Marshmallow man rides a unicycle in Victorian London","","",""
"Minions in The Last Supper painting","","",""
"Ancient history x unhinged AI: a love story","","",""
"Donkey in How to Train Your Dragon","","",""
"Mumbai, India slum in Fortnite","","",""
"Lagos, Nigeria slum in Fortnite","","",""
"Trypophobia swimsuit model","","",""
"guillotine","","",""
"Hokusai woodblock print of a burger","","",""
"Shakespeare pole dancing, by Picasso","","",""
"Tony Soprano In A GTA V Loading Screen","","",""
"Business cat","","",""
"Footage of Batman eating pizza","","",""
"Arnold Schwarzenegger doing yoga with a banana","","",""
"segway bong","","",""
"Jesus crucifixion in the Starry Night Painting","","",""
"crayon drawing of Dwayne Johnson in a turtleneck","","",""
"fat slobbering moron clawing out of hell","","",""
"Pink guy sitting on the floor eating ramen in mosh pit","","",""
"Kim Jong-Un giving a TED talk","","",""
"Fisheye lens photo of a hamster on a bmx bike","","",""
"Slavoj ≈Ωi≈æek in Metal Gear Solid PS1","","",""
"marry poppins moon landing","","",""
"New Fortnite character spotted!","","",""
"Walter White and Jesse Pinkman GTA V loading screen","","",""
"Secret GTA DLC","","",""
"Saturn devouring his watermelon","","",""
"Religion as Propaganda","","",""
"Jesus in Danganronpa","","",""
"mario showing yoshi at westminster dog show","","",""
"Andy Warhol eating Lunchables in the desert","","",""
"US Marines armed with super soakers","","",""
"Kris Jenner as a Survivor contestant","","",""
"Bernie Sanders eating a hotdog","","",""
"I present to u, this‚Ä¶ ?","","",""
"Doom Guy on a waterslide","","",""
"Kate Bush in JoJo‚Äôs Bizarre Adventure","","",""
"Queen Elizabeth and Big Chungus at the beach","","",""
"porcelain statue of home alone scream","","",""
"Kanye West eating cereal","","",""
"Fiiingers","","",""
"Ronald McDonald Communism","","",""
"Mario in a wheelchair","","",""
"Sia praying with audience in Mustafar","","",""
"jordan peterson at warped tour","","",""
"magic the gathering tournament featuring bottle of ketchup with human face","","",""
